{
    "accuracy": 0.25,
    "acc_f1_macro": 0.15525790958992017,
    "loss": 2.6787260716457313
}