{
    "accuracy": 0.2613960113960114,
    "acc_f1_macro": 0.1616050713934312,
    "loss": 2.7102859047403363
}